"node_id","X","Y"
0,-10617391.9741591,1542840.06136381
1,-10617391.9741591,1542840.06136381
2,-7942129.07763006,516038.586656641
3,-7942129.07763006,516038.586656641
4,-6031435.71509094,-387100.852345275
5,-6031435.71509094,-387100.852345275
6,-6801290.69160269,129061.003553229
7,-6801290.69160269,129061.003553229
8,-6031435.71509094,-387100.852345275
9,-6031435.71509094,-387100.852345275
10,-9058641.07173178,1030760.60072679
11,-9058641.07173178,1030760.60072679
12,813572.88743204,3537314.10275363
13,813572.88743204,3537314.10275363
14,-7942129.07763006,516038.586656641
15,-7942129.07763006,516038.586656641
16,-7942129.07763006,516038.586656641
17,-7942129.07763006,516038.586656641
18,-7942129.07763006,516038.586656641
19,-7942129.07763006,516038.586656641
20,-8326086.47962336,5265426.31796481
21,-8326086.47962336,5265426.31796481
22,-7942129.07763006,516038.586656641
23,-7942129.07763006,516038.586656641
24,-6031435.71509094,-387100.852345275
25,-6031435.71509094,-387100.852345275
26,-7942129.07763006,516038.586656641
27,-7942129.07763006,516038.586656641
28,-7942129.07763006,516038.586656641
29,-7942129.07763006,516038.586656641
30,-10617391.9741591,1542840.06136381
31,-10617391.9741591,1542840.06136381
32,-10617391.9741591,1542840.06136381
33,-10617391.9741591,1542840.06136381
34,-7942129.07763006,516038.586656641
35,-7942129.07763006,516038.586656641
36,-7942129.07763006,516038.586656641
37,-7942129.07763006,516038.586656641
38,-10617391.9741591,1542840.06136381
39,-10617391.9741591,1542840.06136381
40,-9058641.07173178,1030760.60072679
41,-9058641.07173178,1030760.60072679
42,-6914071.11309582,-3245766.83188501
43,-6914071.11309582,-3245766.83188501
44,-9058641.07173178,1030760.60072679
45,-9058641.07173178,1030760.60072679
46,-6031435.71509094,-387100.852345275
47,-6031435.71509094,-387100.852345275
48,1919405.78140085,5846288.03361995
49,1919405.78140085,5846288.03361995
50,-10617391.9741591,1542840.06136381
51,-10617391.9741591,1542840.06136381
52,-10617391.9741591,1542840.06136381
53,-10617391.9741591,1542840.06136381
54,-10617391.9741591,1542840.06136381
55,-10617391.9741591,1542840.06136381
56,-9058641.07173178,1030760.60072679
57,-9058641.07173178,1030760.60072679
58,-10617391.9741591,1542840.06136381
59,-10617391.9741591,1542840.06136381
60,-7942129.07763006,516038.586656641
61,-7942129.07763006,516038.586656641
62,-9058641.07173178,1030760.60072679
63,-9058641.07173178,1030760.60072679
64,-7942129.07763006,516038.586656641
65,-7942129.07763006,516038.586656641
66,-1535058.85468986,5319600.55512025
67,-1535058.85468986,5319600.55512025
68,-9058641.07173178,1030760.60072679
69,-9058641.07173178,1030760.60072679
70,-9058641.07173178,1030760.60072679
71,-9058641.07173178,1030760.60072679
72,-6801290.69160269,129061.003553229
73,-6801290.69160269,129061.003553229
74,-7942129.07763006,516038.586656641
75,-7942129.07763006,516038.586656641
76,-9058641.07173178,1030760.60072679
77,-9058641.07173178,1030760.60072679
78,-9058641.07173178,1030760.60072679
79,-9058641.07173178,1030760.60072679
80,-6031435.71509094,-387100.852345275
81,-6031435.71509094,-387100.852345275
82,-1535058.85468986,5319600.55512025
83,-1535058.85468986,5319600.55512025
84,-1571083.03077582,5373513.60547592
85,-1571083.03077582,5373513.60547592
86,-6914071.11309582,-3245766.83188501
87,-6914071.11309582,-3245766.83188501
88,-10617391.9741591,1542840.06136381
89,-10617391.9741591,1542840.06136381
90,-6914071.11309582,-3245766.83188501
91,-6914071.11309582,-3245766.83188501
92,-10617391.9741591,1542840.06136381
93,-10617391.9741591,1542840.06136381
94,-7942129.07763006,516038.586656641
95,-7942129.07763006,516038.586656641
96,-10617391.9741591,1542840.06136381
97,-10617391.9741591,1542840.06136381
98,-3280816.16587811,3294588.22751924
99,-3280816.16587811,3294588.22751924
100,-2599096.42861468,4191598.84214148
101,-2599096.42861468,4191598.84214148
102,810081.850724407,3657772.46598192
103,810081.850724407,3657772.46598192
104,-7942129.07763006,516038.586656641
105,-7942129.07763006,516038.586656641
106,-6801290.69160269,129061.003553229
107,-6801290.69160269,129061.003553229
108,-10617391.9741591,1542840.06136381
109,-10617391.9741591,1542840.06136381
110,-1571083.03077582,5373513.60547592
111,-1571083.03077582,5373513.60547592
112,473990.713132104,1542840.06136381
113,473990.713132104,1542840.06136381
114,473990.713132104,1542840.06136381
115,473990.713132104,1542840.06136381
116,-2643148.9104556,4191598.84214148
117,-2643148.9104556,4191598.84214148
118,-2254040.25386392,4539167.41516359
119,-2254040.25386392,4539167.41516359
120,-3280816.16587811,3294588.22751924
121,-3280816.16587811,3294588.22751924
122,-10617391.9741591,1542840.06136381
123,-10617391.9741591,1542840.06136381
124,-2643148.9104556,4191598.84214148
125,-2643148.9104556,4191598.84214148
126,-2643148.9104556,4191598.84214148
127,-2643148.9104556,4191598.84214148
128,-6801290.69160269,129061.003553229
129,-6801290.69160269,129061.003553229
130,-5769938.58541992,4015230.82738689
131,-5769938.58541992,4015230.82738689
132,-3280816.16587811,3294588.22751924
133,-3280816.16587811,3294588.22751924
134,-2830604.07699298,3233547.59806644
135,-2830604.07699298,3233547.59806644
136,-5769938.58541992,4015230.82738689
137,-5769938.58541992,4015230.82738689
138,-5044003.41459606,5373513.60547592
139,-5044003.41459606,5373513.60547592
140,2065158.07368498,7182473.40086789
141,2065158.07368498,7182473.40086789
142,-2995003.27927201,3837259.7119262
143,-2995003.27927201,3837259.7119262
144,-2830604.07699298,3233547.59806644
145,-2830604.07699298,3233547.59806644
146,-2254040.25386392,4539167.41516359
147,-2254040.25386392,4539167.41516359
148,-5797653.53396603,3896756.13090487
149,-5797653.53396603,3896756.13090487
150,-8610523.73516511,4015230.82738689
151,-8610523.73516511,4015230.82738689
152,-5797653.53396603,3896756.13090487
153,-5797653.53396603,3896756.13090487
154,473990.713132104,1542840.06136381
155,473990.713132104,1542840.06136381
156,-2995003.27927201,3837259.7119262
157,-2995003.27927201,3837259.7119262
158,-2599096.42861468,4191598.84214148
159,-2599096.42861468,4191598.84214148
160,-2830604.07699298,3233547.59806644
161,-2830604.07699298,3233547.59806644
162,-1571083.03077582,5373513.60547592
163,-1571083.03077582,5373513.60547592
164,-9058641.07173178,1030760.60072679
165,-9058641.07173178,1030760.60072679
166,-7942129.07763006,516038.586656641
167,-7942129.07763006,516038.586656641
168,-2477698.48219458,4481740.39553478
169,-2477698.48219458,4481740.39553478
170,2065158.07368498,7182473.40086789
171,2065158.07368498,7182473.40086789
172,-2995003.27927201,3837259.7119262
173,-2995003.27927201,3837259.7119262
174,-2477698.48219458,4481740.39553478
175,-2477698.48219458,4481740.39553478
176,-5769938.58541992,4015230.82738689
177,-5769938.58541992,4015230.82738689
178,-5044003.41459606,5373513.60547592
179,-5044003.41459606,5373513.60547592
180,-5044003.41459606,5373513.60547592
181,-5044003.41459606,5373513.60547592
182,-2254040.25386392,4539167.41516359
183,-2254040.25386392,4539167.41516359
184,2065158.07368498,7182473.40086789
185,2065158.07368498,7182473.40086789
186,-5769938.58541992,4015230.82738689
187,-5769938.58541992,4015230.82738689
188,-6801290.69160269,129061.003553229
189,-6801290.69160269,129061.003553229
190,-5797653.53396603,3896756.13090487
191,-5797653.53396603,3896756.13090487
192,-2995003.27927201,3837259.7119262
193,-2995003.27927201,3837259.7119262
194,-2599096.42861468,4191598.84214148
195,-2599096.42861468,4191598.84214148
196,-9058641.07173178,1030760.60072679
197,-9058641.07173178,1030760.60072679
198,-2995003.27927201,3837259.7119262
199,-2995003.27927201,3837259.7119262
200,-7942129.07763006,516038.586656641
201,-7942129.07763006,516038.586656641
202,813572.88743204,3537314.10275363
203,813572.88743204,3537314.10275363
204,-2995003.27927201,3837259.7119262
205,-2995003.27927201,3837259.7119262
206,-9058641.07173178,1030760.60072679
207,-9058641.07173178,1030760.60072679
208,-9058641.07173178,1030760.60072679
209,-9058641.07173178,1030760.60072679
210,1519529.57694234,5846288.03361995
211,1519529.57694234,5846288.03361995
212,-9058641.07173178,1030760.60072679
213,-9058641.07173178,1030760.60072679
214,-9058641.07173178,1030760.60072679
215,-9058641.07173178,1030760.60072679
216,-6801290.69160269,129061.003553229
217,-6801290.69160269,129061.003553229
218,-9058641.07173178,1030760.60072679
219,-9058641.07173178,1030760.60072679
220,-8610523.73516511,4015230.82738689
221,-8610523.73516511,4015230.82738689
222,-5769938.58541992,4015230.82738689
223,-5769938.58541992,4015230.82738689
224,-5769938.58541992,4015230.82738689
225,-5769938.58541992,4015230.82738689
226,813572.88743204,3537314.10275363
227,813572.88743204,3537314.10275363
228,-7419624.4791387,-2678340.51767683
229,-7419624.4791387,-2678340.51767683
230,-2643148.9104556,4191598.84214148
231,-2643148.9104556,4191598.84214148
232,-6801290.69160269,129061.003553229
233,-6801290.69160269,129061.003553229
234,-6031435.71509094,-387100.852345275
235,-6031435.71509094,-387100.852345275
236,-6031435.71509094,-387100.852345275
237,-6031435.71509094,-387100.852345275
238,-6031435.71509094,-387100.852345275
239,-6031435.71509094,-387100.852345275
240,-7419624.4791387,-2678340.51767683
241,-7419624.4791387,-2678340.51767683
242,1240930.52910207,4050635.49606064
243,1240930.52910207,4050635.49606064
244,-9058641.07173178,1030760.60072679
245,-9058641.07173178,1030760.60072679
246,1240930.52910207,4050635.49606064
247,1240930.52910207,4050635.49606064
248,-8610523.73516511,4015230.82738689
249,-8610523.73516511,4015230.82738689
250,-7942129.07763006,516038.586656641
251,-7942129.07763006,516038.586656641
252,-1535058.85468986,5319600.55512025
253,-1535058.85468986,5319600.55512025
254,-9058641.07173178,1030760.60072679
255,-9058641.07173178,1030760.60072679
256,1240930.52910207,4050635.49606064
257,1240930.52910207,4050635.49606064
258,1919405.78140085,5846288.03361995
259,1919405.78140085,5846288.03361995
260,-2477698.48219458,4481740.39553478
261,-2477698.48219458,4481740.39553478
262,271190.962477347,3537314.10275363
263,271190.962477347,3537314.10275363
264,0,2678340.51767683
265,0,2678340.51767683
266,1240930.52910207,4050635.49606064
267,1240930.52910207,4050635.49606064
268,1240930.52910207,4050635.49606064
269,1240930.52910207,4050635.49606064
270,-6801290.69160269,129061.003553229
271,-6801290.69160269,129061.003553229
272,1724666.21690311,3416244.53887566
273,1724666.21690311,3416244.53887566
274,810081.850724407,3657772.46598192
275,810081.850724407,3657772.46598192
276,-6031435.71509094,-387100.852345275
277,-6031435.71509094,-387100.852345275
278,1240930.52910207,4050635.49606064
279,1240930.52910207,4050635.49606064
280,0,2678340.51767683
281,0,2678340.51767683
282,1240930.52910207,4050635.49606064
283,1240930.52910207,4050635.49606064
284,1240930.52910207,4050635.49606064
285,1240930.52910207,4050635.49606064
286,1240930.52910207,4050635.49606064
287,1240930.52910207,4050635.49606064
288,682920.82100484,4331479.29029663
289,682920.82100484,4331479.29029663
290,1724666.21690311,3416244.53887566
291,1724666.21690311,3416244.53887566
292,1240930.52910207,4050635.49606064
293,1240930.52910207,4050635.49606064
294,1919405.78140085,5846288.03361995
295,1919405.78140085,5846288.03361995
296,0,3294588.22751924
297,0,3294588.22751924
298,1240930.52910207,4050635.49606064
299,1240930.52910207,4050635.49606064
300,-6914071.11309582,-3245766.83188501
301,-6914071.11309582,-3245766.83188501
302,-7942129.07763006,516038.586656641
303,-7942129.07763006,516038.586656641
304,1240930.52910207,4050635.49606064
305,1240930.52910207,4050635.49606064
306,682920.82100484,4331479.29029663
307,682920.82100484,4331479.29029663
308,1240930.52910207,4050635.49606064
309,1240930.52910207,4050635.49606064
310,-10617391.9741591,1542840.06136381
311,-10617391.9741591,1542840.06136381
312,1240930.52910207,4050635.49606064
313,1240930.52910207,4050635.49606064
314,1240930.52910207,4050635.49606064
315,1240930.52910207,4050635.49606064
316,1240930.52910207,4050635.49606064
317,1240930.52910207,4050635.49606064
318,1240930.52910207,4050635.49606064
319,1240930.52910207,4050635.49606064
320,1240930.52910207,4050635.49606064
321,1240930.52910207,4050635.49606064
322,1240930.52910207,4050635.49606064
323,1240930.52910207,4050635.49606064
324,0,2802574.0630124
325,0,2802574.0630124
326,810081.850724407,3657772.46598192
327,810081.850724407,3657772.46598192
328,682920.82100484,4331479.29029663
329,682920.82100484,4331479.29029663
330,1240930.52910207,4050635.49606064
331,1240930.52910207,4050635.49606064
332,1240930.52910207,4050635.49606064
333,1240930.52910207,4050635.49606064
334,813572.88743204,3537314.10275363
335,813572.88743204,3537314.10275363
336,1240930.52910207,4050635.49606064
337,1240930.52910207,4050635.49606064
338,271190.962477347,3537314.10275363
339,271190.962477347,3537314.10275363
340,86936.7888489328,4481740.39553478
341,86936.7888489328,4481740.39553478
342,682920.82100484,4331479.29029663
343,682920.82100484,4331479.29029663
344,86936.7888489328,4481740.39553478
345,86936.7888489328,4481740.39553478
346,86936.7888489328,4481740.39553478
347,86936.7888489328,4481740.39553478
348,0,2802574.0630124
349,0,2802574.0630124
350,1240930.52910207,4050635.49606064
351,1240930.52910207,4050635.49606064
352,1240930.52910207,4050635.49606064
353,1240930.52910207,4050635.49606064
354,682920.82100484,4331479.29029663
355,682920.82100484,4331479.29029663
356,682920.82100484,4331479.29029663
357,682920.82100484,4331479.29029663
358,1240930.52910207,4050635.49606064
359,1240930.52910207,4050635.49606064
360,1519529.57694234,5846288.03361995
361,1519529.57694234,5846288.03361995
362,271190.962477347,3537314.10275363
363,271190.962477347,3537314.10275363
364,1724666.21690311,3416244.53887566
365,1724666.21690311,3416244.53887566
366,0,2802574.0630124
367,0,2802574.0630124
368,810081.850724407,3657772.46598192
369,810081.850724407,3657772.46598192
370,86936.7888489328,4481740.39553478
371,86936.7888489328,4481740.39553478
372,1240930.52910207,4050635.49606064
373,1240930.52910207,4050635.49606064
374,271190.962477347,3537314.10275363
375,271190.962477347,3537314.10275363
376,813572.88743204,3537314.10275363
377,813572.88743204,3537314.10275363
378,0,3294588.22751924
379,0,3294588.22751924
380,0,2802574.0630124
381,0,2802574.0630124
382,0,2678340.51767683
383,0,2678340.51767683
384,813572.88743204,3537314.10275363
385,813572.88743204,3537314.10275363
386,810081.850724407,3657772.46598192
387,810081.850724407,3657772.46598192
388,271190.962477347,3537314.10275363
389,271190.962477347,3537314.10275363
390,86936.7888489328,4481740.39553478
391,86936.7888489328,4481740.39553478
392,813572.88743204,3537314.10275363
393,813572.88743204,3537314.10275363
394,86936.7888489328,4481740.39553478
395,86936.7888489328,4481740.39553478
396,86936.7888489328,4481740.39553478
397,86936.7888489328,4481740.39553478
398,1724666.21690311,3416244.53887566
399,1724666.21690311,3416244.53887566
400,682920.82100484,4331479.29029663
401,682920.82100484,4331479.29029663
402,682920.82100484,4331479.29029663
403,682920.82100484,4331479.29029663
404,1724666.21690311,3416244.53887566
405,1724666.21690311,3416244.53887566
406,3361752.58459887,4653392.38987189
407,3361752.58459887,4653392.38987189
408,682920.82100484,4331479.29029663
409,682920.82100484,4331479.29029663
410,1240930.52910207,4050635.49606064
411,1240930.52910207,4050635.49606064
412,3361752.58459887,4653392.38987189
413,3361752.58459887,4653392.38987189
414,271190.962477347,3537314.10275363
415,271190.962477347,3537314.10275363
416,1724666.21690311,3416244.53887566
417,1724666.21690311,3416244.53887566
418,810081.850724407,3657772.46598192
419,810081.850724407,3657772.46598192
420,0,2802574.0630124
421,0,2802574.0630124
422,0,3294588.22751924
423,0,3294588.22751924
424,0,3294588.22751924
425,0,3294588.22751924
426,2700006.53154068,5743242.90595137
427,2700006.53154068,5743242.90595137
428,0,2802574.0630124
429,0,2802574.0630124
430,86936.7888489328,4481740.39553478
431,86936.7888489328,4481740.39553478
432,2065158.07368498,7182473.40086789
433,2065158.07368498,7182473.40086789
434,-1535058.85468986,5319600.55512025
435,-1535058.85468986,5319600.55512025
436,3361752.58459887,4653392.38987189
437,3361752.58459887,4653392.38987189
438,2700006.53154068,5743242.90595137
439,2700006.53154068,5743242.90595137
440,2087272.72984149,6038688.38151456
441,2087272.72984149,6038688.38151456
442,1724666.21690311,3416244.53887566
443,1724666.21690311,3416244.53887566
444,1240930.52910207,4050635.49606064
445,1240930.52910207,4050635.49606064
446,-2254040.25386392,4539167.41516359
447,-2254040.25386392,4539167.41516359
448,2065158.07368498,7182473.40086789
449,2065158.07368498,7182473.40086789
450,1724666.21690311,3416244.53887566
451,1724666.21690311,3416244.53887566
452,0,3294588.22751924
453,0,3294588.22751924
454,1919405.78140085,5846288.03361995
455,1919405.78140085,5846288.03361995
456,682920.82100484,4331479.29029663
457,682920.82100484,4331479.29029663
458,271190.962477347,3537314.10275363
459,271190.962477347,3537314.10275363
460,1240930.52910207,4050635.49606064
461,1240930.52910207,4050635.49606064
462,3361752.58459887,4653392.38987189
463,3361752.58459887,4653392.38987189
464,2065158.07368498,7182473.40086789
465,2065158.07368498,7182473.40086789
466,-1571083.03077582,5373513.60547592
467,-1571083.03077582,5373513.60547592
468,473990.713132104,1542840.06136381
469,473990.713132104,1542840.06136381
470,271190.962477347,3537314.10275363
471,271190.962477347,3537314.10275363
472,1519529.57694234,5846288.03361995
473,1519529.57694234,5846288.03361995
474,2065158.07368498,7182473.40086789
475,2065158.07368498,7182473.40086789
476,813572.88743204,3537314.10275363
477,813572.88743204,3537314.10275363
478,-2254040.25386392,4539167.41516359
479,-2254040.25386392,4539167.41516359
480,-2254040.25386392,4539167.41516359
481,-2254040.25386392,4539167.41516359
482,2065158.07368498,7182473.40086789
483,2065158.07368498,7182473.40086789
484,2700006.53154068,5743242.90595137
485,2700006.53154068,5743242.90595137
486,473990.713132104,1542840.06136381
487,473990.713132104,1542840.06136381
488,2065158.07368498,7182473.40086789
489,2065158.07368498,7182473.40086789
490,3361752.58459887,4653392.38987189
491,3361752.58459887,4653392.38987189
492,1519529.57694234,5846288.03361995
493,1519529.57694234,5846288.03361995
494,810081.850724407,3657772.46598192
495,810081.850724407,3657772.46598192
496,2087272.72984149,6038688.38151456
497,2087272.72984149,6038688.38151456
498,-2643148.9104556,4191598.84214148
499,-2643148.9104556,4191598.84214148
500,-1571083.03077582,5373513.60547592
501,-1571083.03077582,5373513.60547592
502,2087272.72984149,6038688.38151456
503,2087272.72984149,6038688.38151456
504,3361752.58459887,4653392.38987189
505,3361752.58459887,4653392.38987189
506,-2643148.9104556,4191598.84214148
507,-2643148.9104556,4191598.84214148
508,-2254040.25386392,4539167.41516359
509,-2254040.25386392,4539167.41516359
510,3361752.58459887,4653392.38987189
511,3361752.58459887,4653392.38987189
512,3361752.58459887,4653392.38987189
513,3361752.58459887,4653392.38987189
514,3361752.58459887,4653392.38987189
515,3361752.58459887,4653392.38987189
516,1519529.57694234,5846288.03361995
517,1519529.57694234,5846288.03361995
518,2700006.53154068,5743242.90595137
519,2700006.53154068,5743242.90595137
520,3361752.58459887,4653392.38987189
521,3361752.58459887,4653392.38987189
522,3361752.58459887,4653392.38987189
523,3361752.58459887,4653392.38987189
524,3361752.58459887,4653392.38987189
525,3361752.58459887,4653392.38987189
526,-2643148.9104556,4191598.84214148
527,-2643148.9104556,4191598.84214148
528,-2643148.9104556,4191598.84214148
529,-2643148.9104556,4191598.84214148
530,3361752.58459887,4653392.38987189
531,3361752.58459887,4653392.38987189
532,-2643148.9104556,4191598.84214148
533,-2643148.9104556,4191598.84214148
534,2065158.07368498,7182473.40086789
535,2065158.07368498,7182473.40086789
536,-2254040.25386392,4539167.41516359
537,-2254040.25386392,4539167.41516359
538,-2254040.25386392,4539167.41516359
539,-2254040.25386392,4539167.41516359
540,1919405.78140085,5846288.03361995
541,1919405.78140085,5846288.03361995
542,2065158.07368498,7182473.40086789
543,2065158.07368498,7182473.40086789
544,2087272.72984149,6038688.38151456
545,2087272.72984149,6038688.38151456
546,2065158.07368498,7182473.40086789
547,2065158.07368498,7182473.40086789
548,473990.713132104,1542840.06136381
549,473990.713132104,1542840.06136381
550,-2643148.9104556,4191598.84214148
551,-2643148.9104556,4191598.84214148
552,-1535058.85468986,5319600.55512025
553,-1535058.85468986,5319600.55512025
554,1919405.78140085,5846288.03361995
555,1919405.78140085,5846288.03361995
556,-1535058.85468986,5319600.55512025
557,-1535058.85468986,5319600.55512025
558,2065158.07368498,7182473.40086789
559,2065158.07368498,7182473.40086789
560,2065158.07368498,7182473.40086789
561,2065158.07368498,7182473.40086789
562,3361752.58459887,4653392.38987189
563,3361752.58459887,4653392.38987189
564,2065158.07368498,7182473.40086789
565,2065158.07368498,7182473.40086789
566,2065158.07368498,7182473.40086789
567,2065158.07368498,7182473.40086789
568,1919405.78140085,5846288.03361995
569,1919405.78140085,5846288.03361995
570,2087272.72984149,6038688.38151456
571,2087272.72984149,6038688.38151456
572,3361752.58459887,4653392.38987189
573,3361752.58459887,4653392.38987189
574,2087272.72984149,6038688.38151456
575,2087272.72984149,6038688.38151456
576,-2254040.25386392,4539167.41516359
577,-2254040.25386392,4539167.41516359
578,-2254040.25386392,4539167.41516359
579,-2254040.25386392,4539167.41516359
580,2700006.53154068,5743242.90595137
581,2700006.53154068,5743242.90595137
582,3361752.58459887,4653392.38987189
583,3361752.58459887,4653392.38987189
584,2065158.07368498,7182473.40086789
585,2065158.07368498,7182473.40086789
586,3361752.58459887,4653392.38987189
587,3361752.58459887,4653392.38987189
588,3361752.58459887,4653392.38987189
589,3361752.58459887,4653392.38987189
590,2065158.07368498,7182473.40086789
591,2065158.07368498,7182473.40086789
592,473990.713132104,1542840.06136381
593,473990.713132104,1542840.06136381
594,-2995003.27927201,3837259.7119262
595,-2995003.27927201,3837259.7119262
596,1519529.57694234,5846288.03361995
597,1519529.57694234,5846288.03361995
598,2065158.07368498,7182473.40086789
599,2065158.07368498,7182473.40086789
600,-2995003.27927201,3837259.7119262
601,-2995003.27927201,3837259.7119262
602,3361752.58459887,4653392.38987189
603,3361752.58459887,4653392.38987189
604,-1571083.03077582,5373513.60547592
605,-1571083.03077582,5373513.60547592
606,-2995003.27927201,3837259.7119262
607,-2995003.27927201,3837259.7119262
608,-2995003.27927201,3837259.7119262
609,-2995003.27927201,3837259.7119262
610,3361752.58459887,4653392.38987189
611,3361752.58459887,4653392.38987189
612,-2599096.42861468,4191598.84214148
613,-2599096.42861468,4191598.84214148
614,1519529.57694234,5846288.03361995
615,1519529.57694234,5846288.03361995
616,2700006.53154068,5743242.90595137
617,2700006.53154068,5743242.90595137
618,-2643148.9104556,4191598.84214148
619,-2643148.9104556,4191598.84214148
620,-2830604.07699298,3233547.59806644
621,-2830604.07699298,3233547.59806644
622,2065158.07368498,7182473.40086789
623,2065158.07368498,7182473.40086789
624,-2643148.9104556,4191598.84214148
625,-2643148.9104556,4191598.84214148
626,-2477698.48219458,4481740.39553478
627,-2477698.48219458,4481740.39553478
628,-2995003.27927201,3837259.7119262
629,-2995003.27927201,3837259.7119262
630,-2995003.27927201,3837259.7119262
631,-2995003.27927201,3837259.7119262
632,-2995003.27927201,3837259.7119262
633,-2995003.27927201,3837259.7119262
634,-2254040.25386392,4539167.41516359
635,-2254040.25386392,4539167.41516359
636,-2830604.07699298,3233547.59806644
637,-2830604.07699298,3233547.59806644
638,-2477698.48219458,4481740.39553478
639,-2477698.48219458,4481740.39553478
640,-2995003.27927201,3837259.7119262
641,-2995003.27927201,3837259.7119262
642,-2599096.42861468,4191598.84214148
643,-2599096.42861468,4191598.84214148
644,-2995003.27927201,3837259.7119262
645,-2995003.27927201,3837259.7119262
646,-2477698.48219458,4481740.39553478
647,-2477698.48219458,4481740.39553478
648,-2995003.27927201,3837259.7119262
649,-2995003.27927201,3837259.7119262
650,-2599096.42861468,4191598.84214148
651,-2599096.42861468,4191598.84214148
652,-2599096.42861468,4191598.84214148
653,-2599096.42861468,4191598.84214148
654,-2477698.48219458,4481740.39553478
655,-2477698.48219458,4481740.39553478
656,-2995003.27927201,3837259.7119262
657,-2995003.27927201,3837259.7119262
658,-2995003.27927201,3837259.7119262
659,-2995003.27927201,3837259.7119262
660,-2830604.07699298,3233547.59806644
661,-2830604.07699298,3233547.59806644
662,-2599096.42861468,4191598.84214148
663,-2599096.42861468,4191598.84214148
664,-8326086.47962336,5265426.31796481
665,-8326086.47962336,5265426.31796481
666,-2254040.25386392,4539167.41516359
667,-2254040.25386392,4539167.41516359
668,-2254040.25386392,4539167.41516359
669,-2254040.25386392,4539167.41516359
670,-2830604.07699298,3233547.59806644
671,-2830604.07699298,3233547.59806644
672,-2599096.42861468,4191598.84214148
673,-2599096.42861468,4191598.84214148
674,-2995003.27927201,3837259.7119262
675,-2995003.27927201,3837259.7119262
676,-2995003.27927201,3837259.7119262
677,-2995003.27927201,3837259.7119262
678,-2830604.07699298,3233547.59806644
679,-2830604.07699298,3233547.59806644
680,-2995003.27927201,3837259.7119262
681,-2995003.27927201,3837259.7119262
682,-2599096.42861468,4191598.84214148
683,-2599096.42861468,4191598.84214148
684,-2477698.48219458,4481740.39553478
685,-2477698.48219458,4481740.39553478
686,-2995003.27927201,3837259.7119262
687,-2995003.27927201,3837259.7119262
688,-2995003.27927201,3837259.7119262
689,-2995003.27927201,3837259.7119262
690,-2830604.07699298,3233547.59806644
691,-2830604.07699298,3233547.59806644
692,-2995003.27927201,3837259.7119262
693,-2995003.27927201,3837259.7119262
694,-2830604.07699298,3233547.59806644
695,-2830604.07699298,3233547.59806644
696,-2599096.42861468,4191598.84214148
697,-2599096.42861468,4191598.84214148
698,-2477698.48219458,4481740.39553478
699,-2477698.48219458,4481740.39553478
700,-2254040.25386392,4539167.41516359
701,-2254040.25386392,4539167.41516359
702,-2995003.27927201,3837259.7119262
703,-2995003.27927201,3837259.7119262
704,-8326086.47962336,5265426.31796481
705,-8326086.47962336,5265426.31796481
706,-2599096.42861468,4191598.84214148
707,-2599096.42861468,4191598.84214148
708,-2599096.42861468,4191598.84214148
709,-2599096.42861468,4191598.84214148
710,-2477698.48219458,4481740.39553478
711,-2477698.48219458,4481740.39553478
712,-2477698.48219458,4481740.39553478
713,-2477698.48219458,4481740.39553478
714,-2995003.27927201,3837259.7119262
715,-2995003.27927201,3837259.7119262
716,-8326086.47962336,5265426.31796481
717,-8326086.47962336,5265426.31796481
718,-2254040.25386392,4539167.41516359
719,-2254040.25386392,4539167.41516359
720,-2995003.27927201,3837259.7119262
721,-2995003.27927201,3837259.7119262
722,-3280816.16587811,3294588.22751924
723,-3280816.16587811,3294588.22751924
724,-7987986.71088452,5586471.66474086
725,-7987986.71088452,5586471.66474086
726,-7987986.71088452,5586471.66474086
727,-7987986.71088452,5586471.66474086
728,-2830604.07699298,3233547.59806644
729,-2830604.07699298,3233547.59806644
730,-2830604.07699298,3233547.59806644
731,-2830604.07699298,3233547.59806644
732,-2254040.25386392,4539167.41516359
733,-2254040.25386392,4539167.41516359
734,-2830604.07699298,3233547.59806644
735,-2830604.07699298,3233547.59806644
736,-2995003.27927201,3837259.7119262
737,-2995003.27927201,3837259.7119262
738,-2995003.27927201,3837259.7119262
739,-2995003.27927201,3837259.7119262
740,-2995003.27927201,3837259.7119262
741,-2995003.27927201,3837259.7119262
742,-3280816.16587811,3294588.22751924
743,-3280816.16587811,3294588.22751924
744,-4287115.52192346,7018355.43588034
745,-4287115.52192346,7018355.43588034
746,-2995003.27927201,3837259.7119262
747,-2995003.27927201,3837259.7119262
748,-2477698.48219458,4481740.39553478
749,-2477698.48219458,4481740.39553478
750,-3280816.16587811,3294588.22751924
751,-3280816.16587811,3294588.22751924
752,-2599096.42861468,4191598.84214148
753,-2599096.42861468,4191598.84214148
754,-4287115.52192346,7018355.43588034
755,-4287115.52192346,7018355.43588034
756,-3280816.16587811,3294588.22751924
757,-3280816.16587811,3294588.22751924
758,-2599096.42861468,4191598.84214148
759,-2599096.42861468,4191598.84214148
760,-2477698.48219458,4481740.39553478
761,-2477698.48219458,4481740.39553478
762,-3280816.16587811,3294588.22751924
763,-3280816.16587811,3294588.22751924
764,-7987986.71088452,5586471.66474086
765,-7987986.71088452,5586471.66474086
766,-7987986.71088452,5586471.66474086
767,-7987986.71088452,5586471.66474086
768,-2995003.27927201,3837259.7119262
769,-2995003.27927201,3837259.7119262
770,-3280816.16587811,3294588.22751924
771,-3280816.16587811,3294588.22751924
772,-8326086.47962336,5265426.31796481
773,-8326086.47962336,5265426.31796481
774,-3280816.16587811,3294588.22751924
775,-3280816.16587811,3294588.22751924
776,-3280816.16587811,3294588.22751924
777,-3280816.16587811,3294588.22751924
778,-2830604.07699298,3233547.59806644
779,-2830604.07699298,3233547.59806644
780,-4287115.52192346,7018355.43588034
781,-4287115.52192346,7018355.43588034
782,-7987986.71088452,5586471.66474086
783,-7987986.71088452,5586471.66474086
784,-4287115.52192346,7018355.43588034
785,-4287115.52192346,7018355.43588034
786,-4287115.52192346,7018355.43588034
787,-4287115.52192346,7018355.43588034
788,-7987986.71088452,5586471.66474086
789,-7987986.71088452,5586471.66474086
790,-8326086.47962336,5265426.31796481
791,-8326086.47962336,5265426.31796481
792,-7987986.71088452,5586471.66474086
793,-7987986.71088452,5586471.66474086
794,-7987986.71088452,5586471.66474086
795,-7987986.71088452,5586471.66474086
796,-3280816.16587811,3294588.22751924
797,-3280816.16587811,3294588.22751924
798,-5044003.41459606,5373513.60547592
799,-5044003.41459606,5373513.60547592
800,-3280816.16587811,3294588.22751924
801,-3280816.16587811,3294588.22751924
802,-5044003.41459606,5373513.60547592
803,-5044003.41459606,5373513.60547592
804,-4287115.52192346,7018355.43588034
805,-4287115.52192346,7018355.43588034
806,-4287115.52192346,7018355.43588034
807,-4287115.52192346,7018355.43588034
808,-2830604.07699298,3233547.59806644
809,-2830604.07699298,3233547.59806644
810,-4287115.52192346,7018355.43588034
811,-4287115.52192346,7018355.43588034
812,-2995003.27927201,3837259.7119262
813,-2995003.27927201,3837259.7119262
814,-5044003.41459606,5373513.60547592
815,-5044003.41459606,5373513.60547592
816,-8326086.47962336,5265426.31796481
817,-8326086.47962336,5265426.31796481
818,-7987986.71088452,5586471.66474086
819,-7987986.71088452,5586471.66474086
820,-3280816.16587811,3294588.22751924
821,-3280816.16587811,3294588.22751924
822,-7987986.71088452,5586471.66474086
823,-7987986.71088452,5586471.66474086
824,-7987986.71088452,5586471.66474086
825,-7987986.71088452,5586471.66474086
826,-7987986.71088452,5586471.66474086
827,-7987986.71088452,5586471.66474086
828,-7987986.71088452,5586471.66474086
829,-7987986.71088452,5586471.66474086
830,-3280816.16587811,3294588.22751924
831,-3280816.16587811,3294588.22751924
832,-2995003.27927201,3837259.7119262
833,-2995003.27927201,3837259.7119262
834,-7987986.71088452,5586471.66474086
835,-7987986.71088452,5586471.66474086
836,-7987986.71088452,5586471.66474086
837,-7987986.71088452,5586471.66474086
838,-7987986.71088452,5586471.66474086
839,-7987986.71088452,5586471.66474086
840,-3280816.16587811,3294588.22751924
841,-3280816.16587811,3294588.22751924
842,-7987986.71088452,5586471.66474086
843,-7987986.71088452,5586471.66474086
844,-4287115.52192346,7018355.43588034
845,-4287115.52192346,7018355.43588034
846,-3280816.16587811,3294588.22751924
847,-3280816.16587811,3294588.22751924
848,-4287115.52192346,7018355.43588034
849,-4287115.52192346,7018355.43588034
850,-2995003.27927201,3837259.7119262
851,-2995003.27927201,3837259.7119262
852,-8326086.47962336,5265426.31796481
853,-8326086.47962336,5265426.31796481
854,-7987986.71088452,5586471.66474086
855,-7987986.71088452,5586471.66474086
856,-4287115.52192346,7018355.43588034
857,-4287115.52192346,7018355.43588034
858,-7987986.71088452,5586471.66474086
859,-7987986.71088452,5586471.66474086
860,-3280816.16587811,3294588.22751924
861,-3280816.16587811,3294588.22751924
862,-4287115.52192346,7018355.43588034
863,-4287115.52192346,7018355.43588034
864,-7987986.71088452,5586471.66474086
865,-7987986.71088452,5586471.66474086
866,-5044003.41459606,5373513.60547592
867,-5044003.41459606,5373513.60547592
868,-3280816.16587811,3294588.22751924
869,-3280816.16587811,3294588.22751924
870,-3280816.16587811,3294588.22751924
871,-3280816.16587811,3294588.22751924
872,-5044003.41459606,5373513.60547592
873,-5044003.41459606,5373513.60547592
874,-3280816.16587811,3294588.22751924
875,-3280816.16587811,3294588.22751924
876,-5044003.41459606,5373513.60547592
877,-5044003.41459606,5373513.60547592
878,-3280816.16587811,3294588.22751924
879,-3280816.16587811,3294588.22751924
880,-4287115.52192346,7018355.43588034
881,-4287115.52192346,7018355.43588034
882,-8326086.47962336,5265426.31796481
883,-8326086.47962336,5265426.31796481
884,-4287115.52192346,7018355.43588034
885,-4287115.52192346,7018355.43588034
886,-5044003.41459606,5373513.60547592
887,-5044003.41459606,5373513.60547592
888,-4287115.52192346,7018355.43588034
889,-4287115.52192346,7018355.43588034
890,-5044003.41459606,5373513.60547592
891,-5044003.41459606,5373513.60547592
892,-7987986.71088452,5586471.66474086
893,-7987986.71088452,5586471.66474086
894,-4287115.52192346,7018355.43588034
895,-4287115.52192346,7018355.43588034
896,-5044003.41459606,5373513.60547592
897,-5044003.41459606,5373513.60547592
898,-4287115.52192346,7018355.43588034
899,-4287115.52192346,7018355.43588034
900,-4287115.52192346,7018355.43588034
901,-4287115.52192346,7018355.43588034
902,-7987986.71088452,5586471.66474086
903,-7987986.71088452,5586471.66474086
904,-7507377.12148953,6847055.14815191
905,-7507377.12148953,6847055.14815191
906,-4287115.52192346,7018355.43588034
907,-4287115.52192346,7018355.43588034
908,-3280816.16587811,3294588.22751924
909,-3280816.16587811,3294588.22751924
910,-4287115.52192346,7018355.43588034
911,-4287115.52192346,7018355.43588034
912,-4287115.52192346,7018355.43588034
913,-4287115.52192346,7018355.43588034
914,-7726626.8926363,4935118.43371186
915,-7726626.8926363,4935118.43371186
916,-4287115.52192346,7018355.43588034
917,-4287115.52192346,7018355.43588034
918,-7726626.8926363,4935118.43371186
919,-7726626.8926363,4935118.43371186
920,-7987986.71088452,5586471.66474086
921,-7987986.71088452,5586471.66474086
922,-7335906.16305721,5586471.66474086
923,-7335906.16305721,5586471.66474086
924,-4287115.52192346,7018355.43588034
925,-4287115.52192346,7018355.43588034
926,-7410216.96686479,5265426.31796481
927,-7410216.96686479,5265426.31796481
928,-7335906.16305721,5586471.66474086
929,-7335906.16305721,5586471.66474086
930,-5769938.58541992,4015230.82738689
931,-5769938.58541992,4015230.82738689
932,-7726626.8926363,4935118.43371186
933,-7726626.8926363,4935118.43371186
934,-5769938.58541992,4015230.82738689
935,-5769938.58541992,4015230.82738689
936,-5044003.41459606,5373513.60547592
937,-5044003.41459606,5373513.60547592
938,-7507377.12148953,6847055.14815191
939,-7507377.12148953,6847055.14815191
940,-8326086.47962336,5265426.31796481
941,-8326086.47962336,5265426.31796481
942,-7726626.8926363,4935118.43371186
943,-7726626.8926363,4935118.43371186
944,-5769938.58541992,4015230.82738689
945,-5769938.58541992,4015230.82738689
946,-5769938.58541992,4015230.82738689
947,-5769938.58541992,4015230.82738689
948,-7726626.8926363,4935118.43371186
949,-7726626.8926363,4935118.43371186
950,-7507377.12148953,6847055.14815191
951,-7507377.12148953,6847055.14815191
952,-5769938.58541992,4015230.82738689
953,-5769938.58541992,4015230.82738689
954,-7410216.96686479,5265426.31796481
955,-7410216.96686479,5265426.31796481
956,-7507377.12148953,6847055.14815191
957,-7507377.12148953,6847055.14815191
958,-5044003.41459606,5373513.60547592
959,-5044003.41459606,5373513.60547592
960,-8326086.47962336,5265426.31796481
961,-8326086.47962336,5265426.31796481
962,-7987986.71088452,5586471.66474086
963,-7987986.71088452,5586471.66474086
964,-7726626.8926363,4935118.43371186
965,-7726626.8926363,4935118.43371186
966,-5769938.58541992,4015230.82738689
967,-5769938.58541992,4015230.82738689
968,-5769938.58541992,4015230.82738689
969,-5769938.58541992,4015230.82738689
970,-5797653.53396603,3896756.13090487
971,-5797653.53396603,3896756.13090487
972,-5797653.53396603,3896756.13090487
973,-5797653.53396603,3896756.13090487
974,-5769938.58541992,4015230.82738689
975,-5769938.58541992,4015230.82738689
976,-7726626.8926363,4935118.43371186
977,-7726626.8926363,4935118.43371186
978,-5769938.58541992,4015230.82738689
979,-5769938.58541992,4015230.82738689
980,-5769938.58541992,4015230.82738689
981,-5769938.58541992,4015230.82738689
982,-7726626.8926363,4935118.43371186
983,-7726626.8926363,4935118.43371186
984,-5797653.53396603,3896756.13090487
985,-5797653.53396603,3896756.13090487
986,-5769938.58541992,4015230.82738689
987,-5769938.58541992,4015230.82738689
988,-7507377.12148953,6847055.14815191
989,-7507377.12148953,6847055.14815191
990,-5769938.58541992,4015230.82738689
991,-5769938.58541992,4015230.82738689
992,-7507377.12148953,6847055.14815191
993,-7507377.12148953,6847055.14815191
994,-7335906.16305721,5586471.66474086
995,-7335906.16305721,5586471.66474086
996,-5769938.58541992,4015230.82738689
997,-5769938.58541992,4015230.82738689
998,-5769938.58541992,4015230.82738689
999,-5769938.58541992,4015230.82738689
1000,-7726626.8926363,4935118.43371186
1001,-7726626.8926363,4935118.43371186
1002,-7726626.8926363,4935118.43371186
1003,-7726626.8926363,4935118.43371186
1004,-5797653.53396603,3896756.13090487
1005,-5797653.53396603,3896756.13090487
1006,-2643148.9104556,4191598.84214148
1007,-2643148.9104556,4191598.84214148
1008,-2599096.42861468,4191598.84214148
1009,-2599096.42861468,4191598.84214148
1010,-2599096.42861468,4191598.84214148
1011,-2599096.42861468,4191598.84214148
1012,-2830604.07699298,3233547.59806644
1013,-2830604.07699298,3233547.59806644
1014,-2599096.42861468,4191598.84214148
1015,-2599096.42861468,4191598.84214148
1016,-7726626.8926363,4935118.43371186
1017,-7726626.8926363,4935118.43371186
1018,-5769938.58541992,4015230.82738689
1019,-5769938.58541992,4015230.82738689
1020,-2995003.27927201,3837259.7119262
1021,-2995003.27927201,3837259.7119262
1022,-5769938.58541992,4015230.82738689
1023,-5769938.58541992,4015230.82738689
1024,-8326086.47962336,5265426.31796481
1025,-8326086.47962336,5265426.31796481
1026,-7726626.8926363,4935118.43371186
1027,-7726626.8926363,4935118.43371186
1028,-5797653.53396603,3896756.13090487
1029,-5797653.53396603,3896756.13090487
1030,-5769938.58541992,4015230.82738689
1031,-5769938.58541992,4015230.82738689
1032,-5797653.53396603,3896756.13090487
1033,-5797653.53396603,3896756.13090487
1034,-2643148.9104556,4191598.84214148
1035,-2643148.9104556,4191598.84214148
1036,-5769938.58541992,4015230.82738689
1037,-5769938.58541992,4015230.82738689
1038,-5769938.58541992,4015230.82738689
1039,-5769938.58541992,4015230.82738689
1040,-5797653.53396603,3896756.13090487
1041,-5797653.53396603,3896756.13090487
1042,-5797653.53396603,3896756.13090487
1043,-5797653.53396603,3896756.13090487
1044,-7507377.12148953,6847055.14815191
1045,-7507377.12148953,6847055.14815191
1046,-7335906.16305721,5586471.66474086
1047,-7335906.16305721,5586471.66474086
1048,-7410216.96686479,5265426.31796481
1049,-7410216.96686479,5265426.31796481
1050,-7507377.12148953,6847055.14815191
1051,-7507377.12148953,6847055.14815191
1052,-5769938.58541992,4015230.82738689
1053,-5769938.58541992,4015230.82738689
1054,-7335906.16305721,5586471.66474086
1055,-7335906.16305721,5586471.66474086
1056,-5797653.53396603,3896756.13090487
1057,-5797653.53396603,3896756.13090487
1058,-2643148.9104556,4191598.84214148
1059,-2643148.9104556,4191598.84214148
1060,3361752.58459887,4653392.38987189
1061,3361752.58459887,4653392.38987189
1062,-2477698.48219458,4481740.39553478
1063,-2477698.48219458,4481740.39553478
1064,-2643148.9104556,4191598.84214148
1065,-2643148.9104556,4191598.84214148
1066,-2830604.07699298,3233547.59806644
1067,-2830604.07699298,3233547.59806644
1068,-2477698.48219458,4481740.39553478
1069,-2477698.48219458,4481740.39553478
1070,-7335906.16305721,5586471.66474086
1071,-7335906.16305721,5586471.66474086
1072,-7726626.8926363,4935118.43371186
1073,-7726626.8926363,4935118.43371186
1074,-5769938.58541992,4015230.82738689
1075,-5769938.58541992,4015230.82738689
1076,-7410216.96686479,5265426.31796481
1077,-7410216.96686479,5265426.31796481
1078,-7726626.8926363,4935118.43371186
1079,-7726626.8926363,4935118.43371186
1080,-10617391.9741591,1542840.06136381
1081,-10617391.9741591,1542840.06136381
1082,-5769938.58541992,4015230.82738689
1083,-5769938.58541992,4015230.82738689
1084,-5797653.53396603,3896756.13090487
1085,-5797653.53396603,3896756.13090487
1086,-5797653.53396603,3896756.13090487
1087,-5797653.53396603,3896756.13090487
1088,-8610523.73516511,4015230.82738689
1089,-8610523.73516511,4015230.82738689
1090,-5769938.58541992,4015230.82738689
1091,-5769938.58541992,4015230.82738689
1092,-7726626.8926363,4935118.43371186
1093,-7726626.8926363,4935118.43371186
1094,-7410216.96686479,5265426.31796481
1095,-7410216.96686479,5265426.31796481
1096,-7726626.8926363,4935118.43371186
1097,-7726626.8926363,4935118.43371186
1098,-5769938.58541992,4015230.82738689
1099,-5769938.58541992,4015230.82738689
1100,-5769938.58541992,4015230.82738689
1101,-5769938.58541992,4015230.82738689
1102,-2643148.9104556,4191598.84214148
1103,-2643148.9104556,4191598.84214148
1104,-2254040.25386392,4539167.41516359
1105,-2254040.25386392,4539167.41516359
1106,-1535058.85468986,5319600.55512025
1107,-1535058.85468986,5319600.55512025
1108,-5769938.58541992,4015230.82738689
1109,-5769938.58541992,4015230.82738689
1110,-2995003.27927201,3837259.7119262
1111,-2995003.27927201,3837259.7119262
1112,-2477698.48219458,4481740.39553478
1113,-2477698.48219458,4481740.39553478
1114,-2254040.25386392,4539167.41516359
1115,-2254040.25386392,4539167.41516359
1116,-2599096.42861468,4191598.84214148
1117,-2599096.42861468,4191598.84214148
1118,-5769938.58541992,4015230.82738689
1119,-5769938.58541992,4015230.82738689
1120,-8610523.73516511,4015230.82738689
1121,-8610523.73516511,4015230.82738689
1122,-7335906.16305721,5586471.66474086
1123,-7335906.16305721,5586471.66474086
1124,-10617391.9741591,1542840.06136381
1125,-10617391.9741591,1542840.06136381
1126,-5797653.53396603,3896756.13090487
1127,-5797653.53396603,3896756.13090487
1128,-5769938.58541992,4015230.82738689
1129,-5769938.58541992,4015230.82738689
1130,-5797653.53396603,3896756.13090487
1131,-5797653.53396603,3896756.13090487
1132,-5769938.58541992,4015230.82738689
1133,-5769938.58541992,4015230.82738689
1134,-8326086.47962336,5265426.31796481
1135,-8326086.47962336,5265426.31796481
1136,-5797653.53396603,3896756.13090487
1137,-5797653.53396603,3896756.13090487
1138,-7507377.12148953,6847055.14815191
1139,-7507377.12148953,6847055.14815191
1140,-7726626.8926363,4935118.43371186
1141,-7726626.8926363,4935118.43371186
1142,-8326086.47962336,5265426.31796481
1143,-8326086.47962336,5265426.31796481
1144,-5769938.58541992,4015230.82738689
1145,-5769938.58541992,4015230.82738689
1146,-5769938.58541992,4015230.82738689
1147,-5769938.58541992,4015230.82738689
1148,-5797653.53396603,3896756.13090487
1149,-5797653.53396603,3896756.13090487
1150,-5769938.58541992,4015230.82738689
1151,-5769938.58541992,4015230.82738689
1152,-8610523.73516511,4015230.82738689
1153,-8610523.73516511,4015230.82738689
1154,-2995003.27927201,3837259.7119262
1155,-2995003.27927201,3837259.7119262
1156,-2830604.07699298,3233547.59806644
1157,-2830604.07699298,3233547.59806644
1158,-2477698.48219458,4481740.39553478
1159,-2477698.48219458,4481740.39553478
1160,-7726626.8926363,4935118.43371186
1161,-7726626.8926363,4935118.43371186
1162,-7726626.8926363,4935118.43371186
1163,-7726626.8926363,4935118.43371186
1164,-7410216.96686479,5265426.31796481
1165,-7410216.96686479,5265426.31796481
1166,3361752.58459887,4653392.38987189
1167,3361752.58459887,4653392.38987189
1168,3361752.58459887,4653392.38987189
1169,3361752.58459887,4653392.38987189
1170,-5769938.58541992,4015230.82738689
1171,-5769938.58541992,4015230.82738689
1172,-5769938.58541992,4015230.82738689
1173,-5769938.58541992,4015230.82738689
1174,-5769938.58541992,4015230.82738689
1175,-5769938.58541992,4015230.82738689
1176,-8610523.73516511,4015230.82738689
1177,-8610523.73516511,4015230.82738689
1178,-5797653.53396603,3896756.13090487
1179,-5797653.53396603,3896756.13090487
1180,-7726626.8926363,4935118.43371186
1181,-7726626.8926363,4935118.43371186
1182,-8326086.47962336,5265426.31796481
1183,-8326086.47962336,5265426.31796481
1184,-5769938.58541992,4015230.82738689
1185,-5769938.58541992,4015230.82738689
1186,-5769938.58541992,4015230.82738689
1187,-5769938.58541992,4015230.82738689
1188,-8610523.73516511,4015230.82738689
1189,-8610523.73516511,4015230.82738689
1190,1919405.78140085,5846288.03361995
1191,1919405.78140085,5846288.03361995
1192,-5797653.53396603,3896756.13090487
1193,-5797653.53396603,3896756.13090487
1194,-5797653.53396603,3896756.13090487
1195,-5797653.53396603,3896756.13090487
1196,2065158.07368498,7182473.40086789
1197,2065158.07368498,7182473.40086789
1198,3361752.58459887,4653392.38987189
1199,3361752.58459887,4653392.38987189
1200,-2599096.42861468,4191598.84214148
1201,-2599096.42861468,4191598.84214148
1202,-2995003.27927201,3837259.7119262
1203,-2995003.27927201,3837259.7119262
1204,-2995003.27927201,3837259.7119262
1205,-2995003.27927201,3837259.7119262
1206,-5797653.53396603,3896756.13090487
1207,-5797653.53396603,3896756.13090487
1208,0,2678340.51767683
1209,0,2678340.51767683
1210,-5797653.53396603,3896756.13090487
1211,-5797653.53396603,3896756.13090487
1212,-7507377.12148953,6847055.14815191
1213,-7507377.12148953,6847055.14815191
1214,-5769938.58541992,4015230.82738689
1215,-5769938.58541992,4015230.82738689
1216,-5797653.53396603,3896756.13090487
1217,-5797653.53396603,3896756.13090487
1218,-5769938.58541992,4015230.82738689
1219,-5769938.58541992,4015230.82738689
1220,-5797653.53396603,3896756.13090487
1221,-5797653.53396603,3896756.13090487
1222,-5769938.58541992,4015230.82738689
1223,-5769938.58541992,4015230.82738689
1224,-5769938.58541992,4015230.82738689
1225,-5769938.58541992,4015230.82738689
1226,-5769938.58541992,4015230.82738689
1227,-5769938.58541992,4015230.82738689
1228,-5769938.58541992,4015230.82738689
1229,-5769938.58541992,4015230.82738689
1230,-5797653.53396603,3896756.13090487
1231,-5797653.53396603,3896756.13090487
1232,2700006.53154068,5743242.90595137
1233,2700006.53154068,5743242.90595137
1234,-5769938.58541992,4015230.82738689
1235,-5769938.58541992,4015230.82738689
1236,-2995003.27927201,3837259.7119262
1237,-2995003.27927201,3837259.7119262
1238,-8610523.73516511,4015230.82738689
1239,-8610523.73516511,4015230.82738689
1240,-2254040.25386392,4539167.41516359
1241,-2254040.25386392,4539167.41516359
1242,-2830604.07699298,3233547.59806644
1243,-2830604.07699298,3233547.59806644
1244,-5769938.58541992,4015230.82738689
1245,-5769938.58541992,4015230.82738689
1246,-8610523.73516511,4015230.82738689
1247,-8610523.73516511,4015230.82738689
1248,-8610523.73516511,4015230.82738689
1249,-8610523.73516511,4015230.82738689
1250,-10617391.9741591,1542840.06136381
1251,-10617391.9741591,1542840.06136381
1252,-5797653.53396603,3896756.13090487
1253,-5797653.53396603,3896756.13090487
1254,-8610523.73516511,4015230.82738689
1255,-8610523.73516511,4015230.82738689
1256,-8326086.47962336,5265426.31796481
1257,-8326086.47962336,5265426.31796481
1258,-5797653.53396603,3896756.13090487
1259,-5797653.53396603,3896756.13090487
1260,-5769938.58541992,4015230.82738689
1261,-5769938.58541992,4015230.82738689
1262,-5769938.58541992,4015230.82738689
1263,-5769938.58541992,4015230.82738689
1264,-5769938.58541992,4015230.82738689
1265,-5769938.58541992,4015230.82738689
1266,-5797653.53396603,3896756.13090487
1267,-5797653.53396603,3896756.13090487
1268,-5769938.58541992,4015230.82738689
1269,-5769938.58541992,4015230.82738689
1270,-5797653.53396603,3896756.13090487
1271,-5797653.53396603,3896756.13090487
1272,-5797653.53396603,3896756.13090487
1273,-5797653.53396603,3896756.13090487
1274,-5769938.58541992,4015230.82738689
1275,-5769938.58541992,4015230.82738689
1276,-8326086.47962336,5265426.31796481
1277,-8326086.47962336,5265426.31796481
1278,-7726626.8926363,4935118.43371186
1279,-7726626.8926363,4935118.43371186
1280,-5769938.58541992,4015230.82738689
1281,-5769938.58541992,4015230.82738689
1282,-5769938.58541992,4015230.82738689
1283,-5769938.58541992,4015230.82738689
1284,-7335906.16305721,5586471.66474086
1285,-7335906.16305721,5586471.66474086
1286,-5797653.53396603,3896756.13090487
1287,-5797653.53396603,3896756.13090487
1288,-5769938.58541992,4015230.82738689
1289,-5769938.58541992,4015230.82738689
1290,3361752.58459887,4653392.38987189
1291,3361752.58459887,4653392.38987189
1292,-2830604.07699298,3233547.59806644
1293,-2830604.07699298,3233547.59806644
1294,-2995003.27927201,3837259.7119262
1295,-2995003.27927201,3837259.7119262
1296,-2995003.27927201,3837259.7119262
1297,-2995003.27927201,3837259.7119262
1298,-8326086.47962336,5265426.31796481
1299,-8326086.47962336,5265426.31796481
1300,-7335906.16305721,5586471.66474086
1301,-7335906.16305721,5586471.66474086
1302,-5769938.58541992,4015230.82738689
1303,-5769938.58541992,4015230.82738689
1304,-8610523.73516511,4015230.82738689
1305,-8610523.73516511,4015230.82738689
1306,-7942129.07763006,516038.586656641
1307,-7942129.07763006,516038.586656641
1308,-7942129.07763006,516038.586656641
1309,-7942129.07763006,516038.586656641
1310,-5797653.53396603,3896756.13090487
1311,-5797653.53396603,3896756.13090487
1312,-5769938.58541992,4015230.82738689
1313,-5769938.58541992,4015230.82738689
1314,-5769938.58541992,4015230.82738689
1315,-5769938.58541992,4015230.82738689
1316,-5769938.58541992,4015230.82738689
1317,-5769938.58541992,4015230.82738689
1318,-8326086.47962336,5265426.31796481
1319,-8326086.47962336,5265426.31796481
1320,-7726626.8926363,4935118.43371186
1321,-7726626.8926363,4935118.43371186
1322,2065158.07368498,7182473.40086789
1323,2065158.07368498,7182473.40086789
1324,-8610523.73516511,4015230.82738689
1325,-8610523.73516511,4015230.82738689
1326,-2254040.25386392,4539167.41516359
1327,-2254040.25386392,4539167.41516359
1328,-2254040.25386392,4539167.41516359
1329,-2254040.25386392,4539167.41516359
1330,-2599096.42861468,4191598.84214148
1331,-2599096.42861468,4191598.84214148
1332,-7507377.12148953,6847055.14815191
1333,-7507377.12148953,6847055.14815191
1334,-7335906.16305721,5586471.66474086
1335,-7335906.16305721,5586471.66474086
1336,-1571083.03077582,5373513.60547592
1337,-1571083.03077582,5373513.60547592
1338,-7507377.12148953,6847055.14815191
1339,-7507377.12148953,6847055.14815191
1340,-5769938.58541992,4015230.82738689
1341,-5769938.58541992,4015230.82738689
1342,-5797653.53396603,3896756.13090487
1343,-5797653.53396603,3896756.13090487
1344,-5769938.58541992,4015230.82738689
1345,-5769938.58541992,4015230.82738689
1346,-5797653.53396603,3896756.13090487
1347,-5797653.53396603,3896756.13090487
1348,-5797653.53396603,3896756.13090487
1349,-5797653.53396603,3896756.13090487
1350,-5797653.53396603,3896756.13090487
1351,-5797653.53396603,3896756.13090487
1352,-5769938.58541992,4015230.82738689
1353,-5769938.58541992,4015230.82738689
1354,-5797653.53396603,3896756.13090487
1355,-5797653.53396603,3896756.13090487
1356,-8610523.73516511,4015230.82738689
1357,-8610523.73516511,4015230.82738689
1358,-5797653.53396603,3896756.13090487
1359,-5797653.53396603,3896756.13090487
1360,-5769938.58541992,4015230.82738689
1361,-5769938.58541992,4015230.82738689
1362,-5769938.58541992,4015230.82738689
1363,-5769938.58541992,4015230.82738689
1364,2087272.72984149,6038688.38151456
1365,2087272.72984149,6038688.38151456
1366,-2477698.48219458,4481740.39553478
1367,-2477698.48219458,4481740.39553478
1368,-8326086.47962336,5265426.31796481
1369,-8326086.47962336,5265426.31796481
1370,-7507377.12148953,6847055.14815191
1371,-7507377.12148953,6847055.14815191
1372,-10617391.9741591,1542840.06136381
1373,-10617391.9741591,1542840.06136381
1374,-8610523.73516511,4015230.82738689
1375,-8610523.73516511,4015230.82738689
1376,0,3294588.22751924
1377,0,3294588.22751924
1378,-5769938.58541992,4015230.82738689
1379,-5769938.58541992,4015230.82738689
1380,-8610523.73516511,4015230.82738689
1381,-8610523.73516511,4015230.82738689
1382,-8610523.73516511,4015230.82738689
1383,-8610523.73516511,4015230.82738689
1384,-5797653.53396603,3896756.13090487
1385,-5797653.53396603,3896756.13090487
1386,-8610523.73516511,4015230.82738689
1387,-8610523.73516511,4015230.82738689
1388,-5769938.58541992,4015230.82738689
1389,-5769938.58541992,4015230.82738689
1390,-5769938.58541992,4015230.82738689
1391,-5769938.58541992,4015230.82738689
1392,-5797653.53396603,3896756.13090487
1393,-5797653.53396603,3896756.13090487
1394,-5769938.58541992,4015230.82738689
1395,-5769938.58541992,4015230.82738689
1396,-5769938.58541992,4015230.82738689
1397,-5769938.58541992,4015230.82738689
1398,-5769938.58541992,4015230.82738689
1399,-5769938.58541992,4015230.82738689
1400,-5797653.53396603,3896756.13090487
1401,-5797653.53396603,3896756.13090487
1402,-8326086.47962336,5265426.31796481
1403,-8326086.47962336,5265426.31796481
1404,-5769938.58541992,4015230.82738689
1405,-5769938.58541992,4015230.82738689
1406,-1571083.03077582,5373513.60547592
1407,-1571083.03077582,5373513.60547592
1408,-5797653.53396603,3896756.13090487
1409,-5797653.53396603,3896756.13090487
1410,-5769938.58541992,4015230.82738689
1411,-5769938.58541992,4015230.82738689
1412,-8610523.73516511,4015230.82738689
1413,-8610523.73516511,4015230.82738689
1414,-2830604.07699298,3233547.59806644
1415,-2830604.07699298,3233547.59806644
1416,-2477698.48219458,4481740.39553478
1417,-2477698.48219458,4481740.39553478
1418,-2477698.48219458,4481740.39553478
1419,-2477698.48219458,4481740.39553478
1420,-8610523.73516511,4015230.82738689
1421,-8610523.73516511,4015230.82738689
1422,-5769938.58541992,4015230.82738689
1423,-5769938.58541992,4015230.82738689
1424,-5769938.58541992,4015230.82738689
1425,-5769938.58541992,4015230.82738689
1426,-5769938.58541992,4015230.82738689
1427,-5769938.58541992,4015230.82738689
1428,-5769938.58541992,4015230.82738689
1429,-5769938.58541992,4015230.82738689
1430,-2995003.27927201,3837259.7119262
1431,-2995003.27927201,3837259.7119262
1432,-2599096.42861468,4191598.84214148
1433,-2599096.42861468,4191598.84214148
1434,-2995003.27927201,3837259.7119262
1435,-2995003.27927201,3837259.7119262
1436,-7726626.8926363,4935118.43371186
1437,-7726626.8926363,4935118.43371186
1438,-5769938.58541992,4015230.82738689
1439,-5769938.58541992,4015230.82738689
1440,2065158.07368498,7182473.40086789
1441,2065158.07368498,7182473.40086789
1442,-2830604.07699298,3233547.59806644
1443,-2830604.07699298,3233547.59806644
1444,-5769938.58541992,4015230.82738689
1445,-5769938.58541992,4015230.82738689
1446,-8610523.73516511,4015230.82738689
1447,-8610523.73516511,4015230.82738689
1448,-8610523.73516511,4015230.82738689
1449,-8610523.73516511,4015230.82738689
1450,-5797653.53396603,3896756.13090487
1451,-5797653.53396603,3896756.13090487
1452,-7726626.8926363,4935118.43371186
1453,-7726626.8926363,4935118.43371186
1454,-8610523.73516511,4015230.82738689
1455,-8610523.73516511,4015230.82738689
1456,-8610523.73516511,4015230.82738689
1457,-8610523.73516511,4015230.82738689
1458,-5769938.58541992,4015230.82738689
1459,-5769938.58541992,4015230.82738689
1460,-7987986.71088452,5586471.66474086
1461,-7987986.71088452,5586471.66474086
1462,-10617391.9741591,1542840.06136381
1463,-10617391.9741591,1542840.06136381
1464,-6801290.69160269,129061.003553229
1465,-6801290.69160269,129061.003553229
1466,1240930.52910207,4050635.49606064
1467,1240930.52910207,4050635.49606064
1468,-9058641.07173178,1030760.60072679
1469,-9058641.07173178,1030760.60072679
1470,0,2678340.51767683
1471,0,2678340.51767683
1472,-7726626.8926363,4935118.43371186
1473,-7726626.8926363,4935118.43371186
1474,-7726626.8926363,4935118.43371186
1475,-7726626.8926363,4935118.43371186
1476,-7726626.8926363,4935118.43371186
1477,-7726626.8926363,4935118.43371186
1478,0,2802574.0630124
1479,0,2802574.0630124
1480,-5797653.53396603,3896756.13090487
1481,-5797653.53396603,3896756.13090487
1482,-5769938.58541992,4015230.82738689
1483,-5769938.58541992,4015230.82738689
1484,0,3294588.22751924
1485,0,3294588.22751924
1486,1724666.21690311,3416244.53887566
1487,1724666.21690311,3416244.53887566
1488,-6801290.69160269,129061.003553229
1489,-6801290.69160269,129061.003553229
1490,-6801290.69160269,129061.003553229
1491,-6801290.69160269,129061.003553229
1492,-2995003.27927201,3837259.7119262
1493,-2995003.27927201,3837259.7119262
1494,0,3294588.22751924
1495,0,3294588.22751924
1496,-5044003.41459606,5373513.60547592
1497,-5044003.41459606,5373513.60547592
1498,-5769938.58541992,4015230.82738689
1499,-5769938.58541992,4015230.82738689
1500,-2599096.42861468,4191598.84214148
1501,-2599096.42861468,4191598.84214148
1502,-1535058.85468986,5319600.55512025
1503,-1535058.85468986,5319600.55512025
1504,3361752.58459887,4653392.38987189
1505,3361752.58459887,4653392.38987189
1506,3361752.58459887,4653392.38987189
1507,3361752.58459887,4653392.38987189
1508,-5769938.58541992,4015230.82738689
1509,-5769938.58541992,4015230.82738689
1510,813572.88743204,3537314.10275363
1511,813572.88743204,3537314.10275363
1512,-2995003.27927201,3837259.7119262
1513,-2995003.27927201,3837259.7119262
1514,1240930.52910207,4050635.49606064
1515,1240930.52910207,4050635.49606064
1516,-4287115.52192346,7018355.43588034
1517,-4287115.52192346,7018355.43588034
1518,810081.850724407,3657772.46598192
1519,810081.850724407,3657772.46598192
1520,-8610523.73516511,4015230.82738689
1521,-8610523.73516511,4015230.82738689
1522,-5769938.58541992,4015230.82738689
1523,-5769938.58541992,4015230.82738689
1524,2700006.53154068,5743242.90595137
1525,2700006.53154068,5743242.90595137
1526,0,2678340.51767683
1527,0,2678340.51767683
1528,-3280816.16587811,3294588.22751924
1529,-3280816.16587811,3294588.22751924
1530,-8326086.47962336,5265426.31796481
1531,-8326086.47962336,5265426.31796481
1532,-7419624.4791387,-2678340.51767683
1533,-7419624.4791387,-2678340.51767683
1534,-7335906.16305721,5586471.66474086
1535,-7335906.16305721,5586471.66474086
1536,-9058641.07173178,1030760.60072679
1537,-9058641.07173178,1030760.60072679
1538,-2254040.25386392,4539167.41516359
1539,-2254040.25386392,4539167.41516359
1540,-7419624.4791387,-2678340.51767683
1541,-7419624.4791387,-2678340.51767683
1542,-9058641.07173178,1030760.60072679
1543,-9058641.07173178,1030760.60072679
1544,-8610523.73516511,4015230.82738689
1545,-8610523.73516511,4015230.82738689
1546,-6914071.11309582,-3245766.83188501
1547,-6914071.11309582,-3245766.83188501
1548,-2599096.42861468,4191598.84214148
1549,-2599096.42861468,4191598.84214148
1550,-7726626.8926363,4935118.43371186
1551,-7726626.8926363,4935118.43371186
1552,-10617391.9741591,1542840.06136381
1553,-10617391.9741591,1542840.06136381
1554,2700006.53154068,5743242.90595137
1555,2700006.53154068,5743242.90595137
1556,-6031435.71509094,-387100.852345275
1557,-6031435.71509094,-387100.852345275
1558,2065158.07368498,7182473.40086789
1559,2065158.07368498,7182473.40086789
1560,0,2802574.0630124
1561,0,2802574.0630124
1562,271190.962477347,3537314.10275363
1563,271190.962477347,3537314.10275363
1564,-2643148.9104556,4191598.84214148
1565,-2643148.9104556,4191598.84214148
1566,-6914071.11309582,-3245766.83188501
1567,-6914071.11309582,-3245766.83188501
1568,-6031435.71509094,-387100.852345275
1569,-6031435.71509094,-387100.852345275
1570,0,2678340.51767683
1571,0,2678340.51767683
1572,-2995003.27927201,3837259.7119262
1573,-2995003.27927201,3837259.7119262
1574,-2830604.07699298,3233547.59806644
1575,-2830604.07699298,3233547.59806644
1576,271190.962477347,3537314.10275363
1577,271190.962477347,3537314.10275363
1578,-1535058.85468986,5319600.55512025
1579,-1535058.85468986,5319600.55512025
1580,-6801290.69160269,129061.003553229
1581,-6801290.69160269,129061.003553229
1582,-10617391.9741591,1542840.06136381
1583,-10617391.9741591,1542840.06136381
1584,-5797653.53396603,3896756.13090487
1585,-5797653.53396603,3896756.13090487
1586,-3280816.16587811,3294588.22751924
1587,-3280816.16587811,3294588.22751924
1588,-2477698.48219458,4481740.39553478
1589,-2477698.48219458,4481740.39553478
1590,-7419624.4791387,-2678340.51767683
1591,-7419624.4791387,-2678340.51767683
1592,-7987986.71088452,5586471.66474086
1593,-7987986.71088452,5586471.66474086
1594,473990.713132104,1542840.06136381
1595,473990.713132104,1542840.06136381
1596,1240930.52910207,4050635.49606064
1597,1240930.52910207,4050635.49606064
1598,-5044003.41459606,5373513.60547592
1599,-5044003.41459606,5373513.60547592
1600,-8326086.47962336,5265426.31796481
1601,-8326086.47962336,5265426.31796481
1602,-5769938.58541992,4015230.82738689
1603,-5769938.58541992,4015230.82738689
1604,-4287115.52192346,7018355.43588034
1605,-4287115.52192346,7018355.43588034
1606,1724666.21690311,3416244.53887566
1607,1724666.21690311,3416244.53887566
1608,-1571083.03077582,5373513.60547592
1609,-1571083.03077582,5373513.60547592
1610,-6801290.69160269,129061.003553229
1611,-6801290.69160269,129061.003553229
1612,-7419624.4791387,-2678340.51767683
1613,-7419624.4791387,-2678340.51767683
1614,2065158.07368498,7182473.40086789
1615,2065158.07368498,7182473.40086789
1616,473990.713132104,1542840.06136381
1617,473990.713132104,1542840.06136381
1618,1240930.52910207,4050635.49606064
1619,1240930.52910207,4050635.49606064
1620,-7335906.16305721,5586471.66474086
1621,-7335906.16305721,5586471.66474086
1622,-7987986.71088452,5586471.66474086
1623,-7987986.71088452,5586471.66474086
1624,-7410216.96686479,5265426.31796481
1625,-7410216.96686479,5265426.31796481
1626,-6914071.11309582,-3245766.83188501
1627,-6914071.11309582,-3245766.83188501
1628,1919405.78140085,5846288.03361995
1629,1919405.78140085,5846288.03361995
1630,-2254040.25386392,4539167.41516359
1631,-2254040.25386392,4539167.41516359
1632,86936.7888489328,4481740.39553478
1633,86936.7888489328,4481740.39553478
1634,0,2678340.51767683
1635,0,2678340.51767683
1636,-2830604.07699298,3233547.59806644
1637,-2830604.07699298,3233547.59806644
1638,810081.850724407,3657772.46598192
1639,810081.850724407,3657772.46598192
1640,1519529.57694234,5846288.03361995
1641,1519529.57694234,5846288.03361995
1642,1519529.57694234,5846288.03361995
1643,1519529.57694234,5846288.03361995
1644,-7410216.96686479,5265426.31796481
1645,-7410216.96686479,5265426.31796481
1646,-2643148.9104556,4191598.84214148
1647,-2643148.9104556,4191598.84214148
1648,-6914071.11309582,-3245766.83188501
1649,-6914071.11309582,-3245766.83188501
1650,-1571083.03077582,5373513.60547592
1651,-1571083.03077582,5373513.60547592
1652,813572.88743204,3537314.10275363
1653,813572.88743204,3537314.10275363
1654,-2477698.48219458,4481740.39553478
1655,-2477698.48219458,4481740.39553478
1656,-2995003.27927201,3837259.7119262
1657,-2995003.27927201,3837259.7119262
1658,-7942129.07763006,516038.586656641
1659,-7942129.07763006,516038.586656641
1660,0,2678340.51767683
1661,0,2678340.51767683
1662,-10617391.9741591,1542840.06136381
1663,-10617391.9741591,1542840.06136381
1664,-9058641.07173178,1030760.60072679
1665,-9058641.07173178,1030760.60072679
1666,-7987986.71088452,5586471.66474086
1667,-7987986.71088452,5586471.66474086
1668,-7942129.07763006,516038.586656641
1669,-7942129.07763006,516038.586656641
1670,86936.7888489328,4481740.39553478
1671,86936.7888489328,4481740.39553478
1672,2087272.72984149,6038688.38151456
1673,2087272.72984149,6038688.38151456
1674,-7507377.12148953,6847055.14815191
1675,-7507377.12148953,6847055.14815191
1676,2087272.72984149,6038688.38151456
1677,2087272.72984149,6038688.38151456
1678,-7507377.12148953,6847055.14815191
1679,-7507377.12148953,6847055.14815191
1680,-6535555.51087094,4385574.96478708
1681,-6535555.51087094,4385574.96478708
1682,-6511376.46176518,4385150.44715794
1683,-6511376.46176518,4385150.44715794
1684,0,2678340.51767683
1685,0,2678340.51767683
1686,-6916069.34746762,1131292.79320286
1687,-6916069.34746762,1131292.79320286
1688,-7987986.71088452,5586471.66474086
1689,-7987986.71088452,5586471.66474086
1690,1241140.24411776,4046587.07130771
1691,1241140.24411776,4046587.07130771
1692,-7329501.30932956,-2420695.0917555
1693,-7329501.30932956,-2420695.0917555
1694,-10617391.9741591,1542840.06136381
1695,-10617391.9741591,1542840.06136381
1696,-6801290.69160269,129061.003553229
1697,-6801290.69160269,129061.003553229
1698,-7726626.8926363,4935118.43371186
1699,-7726626.8926363,4935118.43371186
1700,-9169709.43614978,953688.189705354
1701,-9169709.43614978,953688.189705354
1702,-4911041.85399853,5265752.13423841
1703,-4911041.85399853,5265752.13423841
1704,-4911041.85399853,5265752.13423841
1705,-4911041.85399853,5265752.13423841
1706,-5044003.41459606,5373513.60547592
1707,-5044003.41459606,5373513.60547592
1708,-5044003.41459606,5373513.60547592
1709,-5044003.41459606,5373513.60547592
1710,-6753418.51183783,5079334.10814991
1711,-6753418.51183783,5079334.10814991
1712,4987558.9656414,6501506.65524279
1713,4987558.9656414,6501506.65524279
1714,4987558.9656414,6501506.65524279
1715,4987558.9656414,6501506.65524279
1716,-1125868.1913489,6082589.96043907
1717,-1125868.1913489,6082589.96043907
1718,1953075.21420593,2906957.60916877
1719,1953075.21420593,2906957.60916877
1720,1953075.21420593,2906957.60916877
1721,1953075.21420593,2906957.60916877
1722,-4526403.83363429,4914465.37288533
1723,-4526403.83363429,4914465.37288533
1724,-4812764.87673174,5002434.92932723
1725,-4812764.87673174,5002434.92932723
1726,1951061.49450423,3124766.66348128
1727,1951061.49450423,3124766.66348128
1728,-2995003.27927201,3837259.7119262
1729,-2995003.27927201,3837259.7119262
1730,-7488416.13877567,-2802574.0630124
1731,-7488416.13877567,-2802574.0630124
1732,-7488416.13877567,-2802574.0630124
1733,-7488416.13877567,-2802574.0630124
1734,-6031435.71509094,-387100.852345275
1735,-6031435.71509094,-387100.852345275
1736,-6031435.71509094,-387100.852345275
1737,-6031435.71509094,-387100.852345275
1738,-6870171.04942611,-3537314.10275363
1739,-6870171.04942611,-3537314.10275363
1740,-6870171.04942611,-3537314.10275363
1741,-6870171.04942611,-3537314.10275363
1742,-8326086.47962336,5265426.31796481
1743,-8326086.47962336,5265426.31796481
1744,-8326086.47962336,5265426.31796481
1745,-8326086.47962336,5265426.31796481
1746,-5797653.53396603,3896756.13090487
1747,-5797653.53396603,3896756.13090487
1748,-5797653.53396603,3896756.13090487
1749,-5797653.53396603,3896756.13090487
1750,-882395.979391926,3012682.8160106
1751,-882395.979391926,3012682.8160106
1752,-882395.979391926,3012682.8160106
1753,-882395.979391926,3012682.8160106
1754,-7335906.16305721,5586471.66474086
1755,-7335906.16305721,5586471.66474086
1756,-7335906.16305721,5586471.66474086
1757,-7335906.16305721,5586471.66474086
1758,-7942129.07763006,516038.586656641
1759,-7942129.07763006,516038.586656641
1760,-7942129.07763006,516038.586656641
1761,-7942129.07763006,516038.586656641
1762,-1563551.46854216,2265328.04475979
1763,-1563551.46854216,2265328.04475979
1764,-1563551.46854216,2265328.04475979
1765,-1563551.46854216,2265328.04475979
1766,-2995003.27927201,3837259.7119262
1767,-2995003.27927201,3837259.7119262
1768,-2995003.27927201,3837259.7119262
1769,-2995003.27927201,3837259.7119262
1770,-6301512.07681046,5174165.09418608
1771,-6301512.07681046,5174165.09418608
1772,-6301512.07681046,5174165.09418608
1773,-6301512.07681046,5174165.09418608
1774,-309519.164069258,2177171.34917924
1775,-309519.164069258,2177171.34917924
1776,-309519.164069258,2177171.34917924
1777,-309519.164069258,2177171.34917924
1778,-2254040.25386392,4539167.41516359
1779,-2254040.25386392,4539167.41516359
1780,-2254040.25386392,4539167.41516359
1781,-2254040.25386392,4539167.41516359
1782,473990.713132104,1542840.06136381
1783,473990.713132104,1542840.06136381
1784,473990.713132104,1542840.06136381
1785,473990.713132104,1542840.06136381
1786,-4514939.66800967,5301535.20941493
1787,-4514939.66800967,5301535.20941493
1788,4533617.8103967,7626635.4037724
1789,4533617.8103967,7626635.4037724
1790,-6758849.31118405,6008612.12484716
1791,-6758849.31118405,6008612.12484716
1792,0,2678340.51767683
1793,0,2678340.51767683
1794,0,2678340.51767683
1795,0,2678340.51767683
1796,0,2678340.51767683
1797,0,2678340.51767683
1798,1919405.78140085,5846288.03361995
1799,1919405.78140085,5846288.03361995
1800,-6915921.37554879,1133430.60229679
1801,-6915921.37554879,1133430.60229679
1802,-6915921.37554879,1133430.60229679
1803,-6915921.37554879,1133430.60229679
1804,-5769938.58541992,4015230.82738689
1805,-5769938.58541992,4015230.82738689
1806,-5769938.58541992,4015230.82738689
1807,-5769938.58541992,4015230.82738689
1808,-7769695.28155401,6118321.36964348
1809,-7769695.28155401,6118321.36964348
1810,-7769695.28155401,6118321.36964348
1811,-7769695.28155401,6118321.36964348
1812,-8977515.95933263,837977.985200205
1813,-8977515.95933263,837977.985200205
1814,-8977515.95933263,837977.985200205
1815,-8977515.95933263,837977.985200205
1816,5022477.69176093,7299011.34125783
1817,5022477.69176093,7299011.34125783
1818,4727851.34917822,7415586.41940742
1819,4727851.34917822,7415586.41940742
1820,4727851.34917822,7415586.41940742
1821,4727851.34917822,7415586.41940742
1822,5098447.11916084,7292822.82707629
1823,5098447.11916084,7292822.82707629
1824,5098447.11916084,7292822.82707629
1825,5098447.11916084,7292822.82707629
1826,-5535831.61952436,6793095.19281494
1827,-5535831.61952436,6793095.19281494
1828,-5331457.64000813,6845744.41752615
1829,-5331457.64000813,6845744.41752615
1830,2652611.61894014,6716832.01586213
1831,2652611.61894014,6716832.01586213
1832,2652611.61894014,6716832.01586213
1833,2652611.61894014,6716832.01586213
1834,2652611.61894014,6716832.01586213
1835,2652611.61894014,6716832.01586213
1836,-5409292.63965905,6950671.23856053
1837,-5409292.63965905,6950671.23856053
1838,-5409292.63965905,6950671.23856053
1839,-5409292.63965905,6950671.23856053
1840,-5409292.63965905,6950671.23856053
1841,-5409292.63965905,6950671.23856053
1842,-7987986.71088452,5586471.66474086
1843,-7987986.71088452,5586471.66474086
1844,-7987986.71088452,5586471.66474086
1845,-7987986.71088452,5586471.66474086
1846,-11034150.5603257,1721195.4123148
1847,-11034150.5603257,1721195.4123148
1848,-11034150.5603257,1721195.4123148
1849,-11034150.5603257,1721195.4123148
1850,-4858007.59599438,5210994.92274414
1851,-4858007.59599438,5210994.92274414
1852,-4858007.59599438,5210994.92274414
1853,-4858007.59599438,5210994.92274414
1854,-6557730.90320716,4710183.26120106
1855,-6557730.90320716,4710183.26120106
1856,-6557730.90320716,4710183.26120106
1857,-6557730.90320716,4710183.26120106
1858,1240930.52910207,4050635.49606064
1859,1240930.52910207,4050635.49606064
1860,1240930.52910207,4050635.49606064
1861,1240930.52910207,4050635.49606064
1862,-2643148.9104556,4191598.84214148
1863,-2643148.9104556,4191598.84214148
1864,-2643148.9104556,4191598.84214148
1865,-2643148.9104556,4191598.84214148
1866,2700006.53154068,5743242.90595137
1867,2700006.53154068,5743242.90595137
1868,2700006.53154068,5743242.90595137
1869,2700006.53154068,5743242.90595137
1870,-6520314.280646,5743242.90595137
1871,-6520314.280646,5743242.90595137
1872,-6520314.280646,5743242.90595137
1873,-6520314.280646,5743242.90595137
1874,-8436500.71480581,7269501.69934222
1875,-8436500.71480581,7269501.69934222
1876,-8436500.71480581,7269501.69934222
1877,-8436500.71480581,7269501.69934222
1878,-4229562.20010957,4434035.51604754
1879,-4229562.20010957,4434035.51604754
1880,-4229562.20010957,4434035.51604754
1881,-4229562.20010957,4434035.51604754
1882,-4903644.50583519,4168178.90827069
1883,-4903644.50583519,4168178.90827069
1884,-4903644.50583519,4168178.90827069
1885,-4903644.50583519,4168178.90827069
1886,-1890655.30110766,1733914.85708017
1887,-1890655.30110766,1733914.85708017
1888,-1890655.30110766,1733914.85708017
1889,-1890655.30110766,1733914.85708017
1890,4235271.68592914,6669021.03541603
1891,4235271.68592914,6669021.03541603
1892,3354882.31369811,4693168.8504878
1893,3354882.31369811,4693168.8504878
1894,3354882.31369811,4693168.8504878
1895,3354882.31369811,4693168.8504878
1896,3354882.31369811,4693168.8504878
1897,3354882.31369811,4693168.8504878
1898,-5687277.86547143,4021726.5040014
1899,-5687277.86547143,4021726.5040014
1900,-5687277.86547143,4021726.5040014
1901,-5687277.86547143,4021726.5040014
1902,-5687277.86547143,4021726.5040014
1903,-5687277.86547143,4021726.5040014
1904,-7325827.47895387,-2416025.32405964
1905,-7325827.47895387,-2416025.32405964
1906,-7325827.47895387,-2416025.32405964
1907,-7325827.47895387,-2416025.32405964
1908,-7325827.47895387,-2416025.32405964
1909,-7325827.47895387,-2416025.32405964
1910,-2477698.48219458,4481740.39553478
1911,-2477698.48219458,4481740.39553478
1912,-2477698.48219458,4481740.39553478
1913,-2477698.48219458,4481740.39553478
1914,-1563551.46854216,2265328.04475979
1915,-1563551.46854216,2265328.04475979
1916,-1563551.46854216,2265328.04475979
1917,-1563551.46854216,2265328.04475979
1918,-7189134.96730137,-3416244.53887566
1919,-7189134.96730137,-3416244.53887566
1920,-7189134.96730137,-3416244.53887566
1921,-7189134.96730137,-3416244.53887566
1922,-1598451.15804192,2340746.06332655
1923,-1598451.15804192,2340746.06332655
1924,547197.30533648,2678340.51767683
1925,547197.30533648,2678340.51767683
1926,547197.30533648,2678340.51767683
1927,547197.30533648,2678340.51767683
1928,2326012.32943142,4664767.92631192
1929,2326012.32943142,4664767.92631192
1930,2326012.32943142,4664767.92631192
1931,2326012.32943142,4664767.92631192
1932,-1582567.38962719,3546062.49000392
1933,-1582567.38962719,3546062.49000392
1934,-1422459.52554103,3546062.49000392
1935,-1422459.52554103,3546062.49000392
1936,-2116263.52490461,5254560.48346691
1937,-2116263.52490461,5254560.48346691
1938,-2116263.52490461,5254560.48346691
1939,-2116263.52490461,5254560.48346691
1940,0,2802574.0630124
1941,0,2802574.0630124
1942,0,2802574.0630124
1943,0,2802574.0630124
1944,-4340016.38579246,5169129.02324654
1945,-4340016.38579246,5169129.02324654
1946,-4340016.38579246,5169129.02324654
1947,-4340016.38579246,5169129.02324654
1948,-6053802.7100402,167776.234447751
1949,-6053802.7100402,167776.234447751
1950,-6053802.7100402,167776.234447751
1951,-6053802.7100402,167776.234447751
1952,-6294042.04972925,-12906.4391911139
1953,-6294042.04972925,-12906.4391911139
1954,-6294042.04972925,-12906.4391911139
1955,-6294042.04972925,-12906.4391911139
1956,-1563551.46854216,2265328.04475979
1957,-1563551.46854216,2265328.04475979
1958,-1563551.46854216,2265328.04475979
1959,-1563551.46854216,2265328.04475979
1960,-3280816.16587811,3294588.22751924
1961,-3280816.16587811,3294588.22751924
1962,-3280816.16587811,3294588.22751924
1963,-3280816.16587811,3294588.22751924
1964,-1563551.46854216,2265328.04475979
1965,-1563551.46854216,2265328.04475979
1966,-1563551.46854216,2265328.04475979
1967,-1563551.46854216,2265328.04475979
1968,-10617391.9741591,1542840.06136381
1969,-10617391.9741591,1542840.06136381
1970,-10617391.9741591,1542840.06136381
1971,-10617391.9741591,1542840.06136381
1972,-2676359.99010153,7246001.621131
1973,-2676359.99010153,7246001.621131
1974,-2635352.2181761,7234185.03511529
1975,-2635352.2181761,7234185.03511529
1976,-6206810.62680358,-193585.087668068
1977,-6206810.62680358,-193585.087668068
1978,-6206810.62680358,-193585.087668068
1979,-6206810.62680358,-193585.087668068
1980,-6801290.69160269,129061.003553229
1981,-6801290.69160269,129061.003553229
1982,-6801290.69160269,129061.003553229
1983,-6801290.69160269,129061.003553229
1984,-6801290.69160269,129061.003553229
1985,-6801290.69160269,129061.003553229
1986,-10787589.1090844,1094942.4087781
1987,-10787589.1090844,1094942.4087781
1988,-10787589.1090844,1094942.4087781
1989,-10787589.1090844,1094942.4087781
1990,813572.88743204,3537314.10275363
1991,813572.88743204,3537314.10275363
1992,813572.88743204,3537314.10275363
1993,813572.88743204,3537314.10275363
1994,903154.167340683,5480539.79129167
1995,903154.167340683,5480539.79129167
1996,903154.167340683,5480539.79129167
1997,903154.167340683,5480539.79129167
1998,-8610523.73516511,4015230.82738689
1999,-8610523.73516511,4015230.82738689
2000,-8610523.73516511,4015230.82738689
2001,-8610523.73516511,4015230.82738689
2002,0,3294588.22751924
2003,0,3294588.22751924
2004,0,3294588.22751924
2005,0,3294588.22751924
2006,-4607955.68387094,5267272.48775106
2007,-4607955.68387094,5267272.48775106
2008,-4607955.68387094,5267272.48775106
2009,-4607955.68387094,5267272.48775106
2010,-6800234.18043965,6967698.35569217
2011,-6800234.18043965,6967698.35569217
2012,-7507377.12148953,6847055.14815191
2013,-7507377.12148953,6847055.14815191
2014,-7507377.12148953,6847055.14815191
2015,-7507377.12148953,6847055.14815191
2016,2087272.72984149,6038688.38151456
2017,2087272.72984149,6038688.38151456
2018,2087272.72984149,6038688.38151456
2019,2087272.72984149,6038688.38151456
2020,-5769938.58541992,4015230.82738689
2021,-5769938.58541992,4015230.82738689
2022,-5769938.58541992,4015230.82738689
2023,-5769938.58541992,4015230.82738689
2024,-5769938.58541992,4015230.82738689
2025,-5769938.58541992,4015230.82738689
2026,-2599096.42861468,4191598.84214148
2027,-2599096.42861468,4191598.84214148
2028,-2599096.42861468,4191598.84214148
2029,-2599096.42861468,4191598.84214148
2030,-6129265.61115792,6216670.8441061
2031,-6129265.61115792,6216670.8441061
2032,-2286864.8355388,3956080.9095625
2033,-2286864.8355388,3956080.9095625
2034,-2286864.8355388,3956080.9095625
2035,-2286864.8355388,3956080.9095625
2036,-2286864.8355388,3956080.9095625
2037,-2286864.8355388,3956080.9095625
2038,-2286864.8355388,3956080.9095625
2039,-2286864.8355388,3956080.9095625
2040,-1563551.46854216,2265328.04475979
2041,-1563551.46854216,2265328.04475979
2042,-1563551.46854216,2265328.04475979
2043,-1563551.46854216,2265328.04475979
2044,-4287115.52192346,7018355.43588034
2045,-4287115.52192346,7018355.43588034
2046,-4287115.52192346,7018355.43588034
2047,-4287115.52192346,7018355.43588034
2048,-4750829.73728971,7686368.39179185
2049,-4750829.73728971,7686368.39179185
2050,-4750829.73728971,7686368.39179185
2051,-4750829.73728971,7686368.39179185
2052,-9872960.7883695,3452628.12301387
2053,-9872960.7883695,3452628.12301387
2054,-9872960.7883695,3452628.12301387
2055,-9872960.7883695,3452628.12301387
2056,-5740268.01156372,4039195.04367572
2057,-5740268.01156372,4039195.04367572
2058,-7726626.8926363,4935118.43371186
2059,-7726626.8926363,4935118.43371186
2060,-7726626.8926363,4935118.43371186
2061,-7726626.8926363,4935118.43371186
2062,1724666.21690311,3416244.53887566
2063,1724666.21690311,3416244.53887566
2064,1724666.21690311,3416244.53887566
2065,1724666.21690311,3416244.53887566
2066,-2830604.07699298,3233547.59806644
2067,-2830604.07699298,3233547.59806644
2068,-2830604.07699298,3233547.59806644
2069,-2830604.07699298,3233547.59806644
2070,-4941553.93830181,722159.322560096
2071,-4941553.93830181,722159.322560096
2072,-8835950.47092086,4923958.58127778
2073,-8835950.47092086,4923958.58127778
2074,-8835950.47092086,4923958.58127778
2075,-8835950.47092086,4923958.58127778
2076,-2450689.82438058,4654302.75052038
2077,-2450689.82438058,4654302.75052038
2078,-2450689.82438058,4654302.75052038
2079,-2450689.82438058,4654302.75052038
2080,47237.9904681968,1772056.24421959
2081,47237.9904681968,1772056.24421959
2082,47237.9904681968,1772056.24421959
2083,47237.9904681968,1772056.24421959
2084,4519087.4097809,6294371.54706101
2085,4519087.4097809,6294371.54706101
2086,4987558.9656414,6501506.65524279
2087,4987558.9656414,6501506.65524279
2088,86936.7888489328,4481740.39553478
2089,86936.7888489328,4481740.39553478
2090,86936.7888489328,4481740.39553478
2091,86936.7888489328,4481740.39553478
2092,-1017747.43323374,6111717.30648971
2093,-1017747.43323374,6111717.30648971
2094,-1017747.43323374,6111717.30648971
2095,-1017747.43323374,6111717.30648971
2096,810081.850724407,3657772.46598192
2097,810081.850724407,3657772.46598192
2098,810081.850724407,3657772.46598192
2099,810081.850724407,3657772.46598192
2100,-5520465.50986369,4789321.43420041
2101,-5520465.50986369,4789321.43420041
2102,-5520465.50986369,4789321.43420041
2103,-5520465.50986369,4789321.43420041
2104,-7410216.96686479,5265426.31796481
2105,-7410216.96686479,5265426.31796481
2106,-7410216.96686479,5265426.31796481
2107,-7410216.96686479,5265426.31796481
2108,3129831.78847021,6239100.03031669
2109,3129831.78847021,6239100.03031669
2110,3133769.97463663,6233255.9138687
2111,3133769.97463663,6233255.9138687
2112,-1571083.03077582,5373513.60547592
2113,-1571083.03077582,5373513.60547592
2114,-1571083.03077582,5373513.60547592
2115,-1571083.03077582,5373513.60547592
2116,-1535058.85468986,5319600.55512025
2117,-1535058.85468986,5319600.55512025
2118,-1535058.85468986,5319600.55512025
2119,-1535058.85468986,5319600.55512025
2120,-1563551.46854216,2265328.04475979
2121,-1563551.46854216,2265328.04475979
2122,-1563551.46854216,2265328.04475979
2123,-1563551.46854216,2265328.04475979
2124,2065158.07368498,7182473.40086789
2125,2065158.07368498,7182473.40086789
2126,2065158.07368498,7182473.40086789
2127,2065158.07368498,7182473.40086789
2128,-5253698.99743432,1975025.89776861
2129,-5253698.99743432,1975025.89776861
2130,-5253698.99743432,1975025.89776861
2131,-5253698.99743432,1975025.89776861
2132,271190.962477347,3537314.10275363
2133,271190.962477347,3537314.10275363
2134,271190.962477347,3537314.10275363
2135,271190.962477347,3537314.10275363
2136,-9169709.43614978,953688.189705354
2137,-9169709.43614978,953688.189705354
2138,-9169709.43614978,953688.189705354
2139,-9169709.43614978,953688.189705354
